7600,PT.AI-HSO,4,H123,2
9645,CDN-SO.Arengka,4,H123,1
2790,PT.Citra Honda Nst,4,H123,2
13211,MPM - Pekanbaru,4,H123,2
5566,CDN-SO.Tambusai,4,H123,2
10285,PT. Tunas Dwipa Motor,4,H123,2
10123,Mitra Motor Semesta,4,H123,2
3478,CDN-SO.Bangkinang,5,H123,2
3479,CDN-SO.Selat Panjang,1,H123,2
3483,CDN-SO Air Molek,3,H123,2
7590,CV.Surya Kuansing,6,H123,2
6890,CDN-SO.Kandis,9,H123,2
3487,CDN-SO Bagan Batu,1,H123,2
3490,CDN-SO Ujung Batu,8,H123,2
3845,CDN-SO.SKH,4,H123,2
13152,CDN-SO. Flamboyan,5,H123,2
13130,CDN-Perawang,9,H123,2
7576,CDN-SO.Lipat Kain,5,H123,2
6524,CDN-SO.Duri,1,H123,2
13155,HMM-P.Reba,3,H123,2
6415,CDN-SO.Sudirman,4,H123,2
6888,CDN-SO Ujung Tanjung,1,H123,2
16287,CDN-SO Pinggir,1,H123,2
13154,PT. Global J P 2,4,H123,2
6404,Jaya Indah Motor-Bengkalis,1,H123,2
13151,CDN-SO. Kampar,5,H123,2
7948,HoHo Marpoyan,4,H123,2
6730,Prima Motor-Pasir. P,8,H123,2
1552,HMM-Rengat,3,H123,2
1872,Fadly Motor,6,H123,2
7645,Karisma Jaya-Pasir. P,8,H123,2
818,PT.BBI-Bagan Batu,1,H123,2
7947,PT.Global J P,4,H123,2
970,Andalas Motor-Bengkalis,1,H123,2
8889,Putra Sakti Jaya,8,H123,2
8719,CV.Zam Zam Motor,6,H123,2
13153,Mitra Indo Motor,5,H123,2
10052,Muara Pulau Artha Motor,5,H123,2
239,SUZ-Dumai,1,H123,2
6416,CV.Belilias Motorindo Mandiri,3,H123,2
12672,CV Asia Motor,1,H123,2
7853,HMM-Peranap,3,H123,2
2791,HoHo-PBR,4,H1,2
16863,PT.Kurnia Putra Mandiri,4,H123,2
16278,PT. Riau Argo Perkasa,4,H123,2
7320,CDN-SO. Suram-Tampung,5,H1,2
5559,Sonic Motor,5,H123,3
3961,HoHo- P.Kerinci,10,H1,2
6892,HoHo- P.Ukui,10,H1,2
8885,Amsar Motor,8,H123,3
12666,CDN-S/R 2-Garoga,1,H123,2
3488,CDN-SO Dumai,1,H1,2
8886,Hondatama Mitra Cemerlang-DMI,1,H123,2
8890,Hose Motor - BaganSiapiapi,1,H1,2
12747,HoHo-Lubuk Dalam,9,H1,2
17430,KPM Siak,9,H123,2
3959,CV.Honda Mas Tembilahan,2,H123,2
13129,CDN-Tembilahan,2,H1,2
6891,CV.Honda Mas Sei Guntung,2,H123,3
4088,CV.Honda Mas P.Kijang,2,H123,2
10050,BMM-Selensen,2,H123,2